cutscene;true;openingCutscene
setGameplayActive;false
fillScreen;black;true
wait;120
endSequence
fadeHeader;to;white;350;10;The Cathedral
wait;150
endSequence
startAmbience;ambience_rocket_engine
fadeHeader;from;white;350;10;The Cathedral
wait;100
endSequence
setGameplayActive;true
fillScreen;black;false
fade;from;black;10
startSong;song_fly_level5;true
endSequence

cutscene;true;levelFinished
fade;to;black;5
endSequence
setGameplayActive;false
fillScreen;black;true
wait;60
endSequence
levelFinished
endSequence