automaticTrigger;0f;2f;10f;10f;openingCutscene
automaticTrigger;0f;-19000f;10f;10f;levelFinished
batDrone;370;-1310;1;100
batDrone;620;-1510;-1;100
batDrone;230;-1710;1;100
batDrone;460;-1760;1;100
batDrone;330;-1830;1;100
batDrone;770;-2020;-1;100
batDrone;600;-2080;-1;100
mineDrone;268;-2502;1;100
mineDrone;748;-2652;1;100
mineDrone;438;-3012;1;100
mineDrone;198;-3352;1;100
mineDrone;658;-3592;1;100
lazerDrone;827;-4173;1;100;-9;7
lazerDrone;617;-4503;1;100;6;5
lazerDrone;187;-4773;1;100;-7;4
lazerDrone;827;-4943;1;100;-11;7
lazerDrone;517;-4993;1;100;9;8
lazerDrone;327;-5173;1;100;-9;8