cutscene;false;clothingRack
info;A clothing rack with old, discarded pilot jackets.
playSFX;infobox
endSequence
info;You search through them...
endSequence
info;You found 500 credits!
playSFX;pickup
updateInventory;credits;500
setStartCutscene;clothingRack;1
endSequence

cutscene;true;clothingRack
playSFX;infobox
info;Nothing more of use here.
endSequence

cutscene;false;bombBox
playSFX;infobox
info;An unopened box. You search through it.
endSequence
info;You found 1 bomb!
playSFX;pickup
updateInventory;bombs;1
setStartCutscene;bombBox;1
endSequence

cutscene;true;bombBox
playSFX;infobox
info;It's empty.
endSequence

cutscene;false;cabinet
playSFX;infobox
info;You open the cabinet and rummage through it.
endSequence
info;You found a comfort pet plushie!
playSFX;pickup
endSequence
info;Squeezing it makes it say "It's gonna to be alright".
addToInventory;COMFORT PET PLUSHIE;"It's gonna be alright";item_plushie.png
setStartCutscene;cabinet;1
endSequence

cutscene;true;cabinet
playSFX;infobox
info;Nothing more of interest here.
endSequence
